Year, kWh, kvarh, "Peak kW", "peak kVA", "Losses kWh", "Losses kvarh", "Peak Losses kW"
0, 971676.049493863, 327399.977392507, 50216.5155064391, 53279.0346573253, 10719.4575782322, 42450.9124174128, 609.609522538935
